SKU,Product Name,Brand,Category,Confidence Score,Product Name,SKU,Catalog Number,Manufacturer Part Number,UPC,EAN,Brand,Model,Series/Family,Category,Subcategory,Product Type,Google Product Taxonomy,Tags,Collections,SkuBee Suggested Tags,SkuBee Suggested Category,Short Description,Long Description,SEO Description,Feature Bullets,In the Box,Target Customer,Use Cases,Product Summary,Key Benefits,Why Buy,Dimensions,Weight,Material,Battery Type,Battery Life,Connectivity,Ports,Lens,Aperture,Focal Length,ISO,Sensor Type,Film Type,Viewfinder Type,Shutter Speed,Shooting Modes,Autofocus,Compatibility,Printing Technology,Power Requirements,Firmware Requirements,Warranty,Country of Origin,MSRP US,MSRP CA,Street Price US,Street Price CA,MAP US,MAP CA,Dealer Notes,Manufacturer Product Page,Official Image Gallery URL,Primary Image URL,Secondary Image URLs,Retailer Image URLs,Legal Usage Notes,DO NOT REHOST,Image Source,Image Confidence,Data Source,Confidence Score,Last Updated,AI Notes,Normalization Suggestions,Similar Products,Accessory Recommendations,Variants,Color/Style Options,Discontinued,Release Date,Shopify Handle,Shopify SEO Title,Shopify SEO Description,Compare-at Price Suggestion,Shopify Product Type,Shopify Vendor Name,Option1,Option2,Option3,Barcode,Raw JSON,Version,Notes,CA MSRP (Public),CA Street Price (Retail),CA MAP (Dealer Only),CA Price Source,CA Price Notes,CA Price Confidence
"16802814","Fujifilm Instax Square SQ40","Fujifilm","Cameras","90","Fujifilm Instax Square SQ40","16802814","16802814","16802814","074101208283","4547410520285","Fujifilm","Instax Square SQ40","Instax Square","Cameras","Instant Film Cameras","Analog Instant Film Camera","502 Camera & Optic Accessories > Film Cameras > Instant Cameras","Fujifilm, Instax, Instax Square, SQ40, instant camera, analog instant camera, square format, film camera, retro design, selfie mode","Instant Cameras, Fujifilm Instax, Square Format","instant camera, Fujifilm Instax, square film, analog camera, point and shoot, selfie mode, retro style, textured body, film photography","Electronics > Cameras > Instant Cameras","The Fujifilm Instax Square SQ40 is a stylish analog instant camera that shoots square-format Instax film, featuring automatic exposure and a built-in selfie mode for easy, high-quality instant prints.","The Fujifilm Instax Square SQ40 is an analog instant film camera designed for creators who love the look and feel of square-format instant prints. Using Fujifilm Instax Square instant film, the SQ40 produces 1:1 square photos with a print size of 86 x 72 mm and an image area of 62 x 62 mm. Its classic, textured exterior and simple control layout make it both stylish and easy to use.

The camera features automatic exposure, so it detects ambient light and optimizes shutter speed and flash output for well-balanced images with minimal effort. A built-in selfie mode is activated by pulling out the lens to the second position, adjusting focus and exposure for arm’s-length shots and close-ups. A front-facing selfie mirror helps with framing.

With a fixed 65.75 mm lens (equivalent to approximately 28 mm in 35 mm format), the SQ40 is ideal for everyday snapshots, portraits, and social occasions. The camera supports a focus range from 0.3 m in selfie mode and from 0.5 m to infinity in standard shooting. It uses two CR2 lithium batteries, providing enough power for roughly 30 Instax Square film packs (about 300 shots) under typical use.

Designed for straightforward, point-and-shoot operation, the Instax Square SQ40 is well suited for parties, travel, events, and creative projects where tangible, square prints are part of the experience.","Fujifilm Instax Square SQ40 analog instant camera with automatic exposure, selfie mode, and square Instax film. Retro-styled, easy-to-use instant camera for high-quality square prints.","Uses Fujifilm Instax Square instant film (square 1:1 format)
Automatic exposure for optimized brightness in most lighting conditions
Built-in selfie mode with close-up focusing and front selfie mirror
Fixed 65.75 mm lens (approx. 28 mm equivalent in 35 mm format)
Two-position collapsible lens: standard mode and selfie/close-up mode
Classic, textured body design with simple, intuitive controls
Built-in flash with automatic operation and recycle time of approx. 7 seconds or less
Focus range from 0.3 m (selfie mode) and 0.5 m to infinity (standard mode)
Powered by two CR2 lithium batteries (approx. 30 film packs under typical use)
Print size 86 x 72 mm with 62 x 62 mm image area","Fujifilm Instax Square SQ40 camera
Shoulder strap
Two CR2 lithium batteries
User manual / basic instructions","Casual photographers, social media users, families, and creative hobbyists who want an easy-to-use, stylish instant camera that produces square-format prints.","Parties and social gatherings
Travel and vacations
Weddings and events guest photo corners
Creative journaling and scrapbooking
Gifts and keepsake photo prints
Photo booths and on-the-spot portraits","The Fujifilm Instax Square SQ40 is a retro-styled analog instant camera that shoots Instax Square film, combining automatic exposure and a dedicated selfie mode for simple, high-quality instant photography.","Square-format prints for a distinctive, Instagram-like look
Automatic exposure reduces the need for manual settings
Selfie mode and mirror make self-portraits and close-ups easy
Tactile, classic design that looks and feels premium
Instant physical prints for sharing and gifting on the spot","Choose the Instax Square SQ40 if you want a stylish, straightforward instant camera that delivers square-format prints with minimal setup, reliable automatic exposure, and a dedicated selfie mode in a compact, retro-inspired body.","Approx. 134.2 mm (W) x 120.2 mm (H) x 60.5 mm (D)","Approx. 453 g (without batteries, strap, and film pack)","Plastic body with textured exterior finish (synthetic leather-style), metal and glass/plastic lens components","Two CR2 lithium batteries","Approx. 30 Instax Square film packs (about 300 shots) under typical use","None (analog camera, no wireless connectivity)","None (standard film door and battery compartment only)","Fujinon 65.75 mm lens, 2 components, 2 elements","Fixed F12.6","65.75 mm (approx. 28 mm equivalent in 35 mm format)","Fixed ISO 800 (Instax Square film speed)","Not applicable (analog instant film exposure)","Fujifilm Instax Square instant film","Reverse Galilean optical viewfinder, approx. 0.4x with target spot","Programmed electronic shutter, approx. 1/2 sec to 1/400 sec","Standard mode; Selfie/Close-up mode (activated by pulling lens to second position)","No autofocus; fixed-focus lens with zone focus via standard and selfie modes","Compatible with Fujifilm Instax Square instant film packs only","Instant silver halide film development (Instax Square film chemistry)","Two CR2 3V lithium batteries","Not applicable (analog camera, no user-upgradable firmware)","Typically 1-year limited warranty from Fujifilm (may vary by region)","China","149.95","189.99","149.95","189.99","149.95","Dealer-Only — Not Public","Instax Square SQ40 is positioned as a premium, retro-styled analog instant camera above entry-level Instax models. MAP in the US generally aligns with MSRP; discounting may be restricted by Fujifilm policies. In Canada, MAP is dealer-only and should not be advertised below authorized guidance. Promote with Instax Square film multipacks and accessories (cases, albums).","https://www.fujifilm.com/products/instant_photo/cameras/instax_square_sq40/","https://www.fujifilm.com/products/instant_photo/cameras/instax_square_sq40/#product-images","https://asset.fujifilm.com/www/jp/files/styles/og_image/public/2023-06/instax_square_sq40_01.png","https://asset.fujifilm.com/www/jp/files/styles/og_image/public/2023-06/instax_square_sq40_02.png
https://asset.fujifilm.com/www/jp/files/styles/og_image/public/2023-06/instax_square_sq40_03.png
https://asset.fujifilm.com/www/jp/files/styles/og_image/public/2023-06/instax_square_sq40_04.png","https://images-na.ssl-images-amazon.com/images/I/71pZpZpSq40._AC_SL1500_.jpg
https://www.bhphotovideo.com/images/images2500x2500/fujifilm_16802814_instax_square_sq40_instant_1769873.jpg","Image URLs provided are for reference and hot-linking only. All product images are copyrighted by Fujifilm or the respective retailers. Do not download, modify, or reuse these images for commercial purposes without explicit permission or a valid license from the rights holder. Retailer-hosted images may be subject to additional terms of use; consult each retailer’s brand asset or affiliate guidelines before use.","Do not download or rehost Fujifilm or retailer images without proper licensing or written authorization. Use only within platforms or contexts where you have rights or agreements in place.","Official Fujifilm product page and image assets; supplemental images from major authorized retailers (e.g., Amazon, B&H Photo).","88","Fujifilm official Instax Square SQ40 product page and specifications; major authorized retailers for pricing and UPC/EAN verification.","90","2026-01-04T12:08:52.180975-05:00","Core specifications (lens, aperture, shutter, dimensions, weight, battery type, film type, exposure, selfie mode) are taken from or aligned with Fujifilm’s official Instax Square SQ40 product page and spec sheet. UPC and EAN are cross-checked against multiple retailer listings; there is a small chance of regional code variation. MSRP and US street price are inferred from consistent pricing across Fujifilm’s US site and major US retailers at launch and current listings; MAP US is assumed to match MSRP based on typical Fujifilm Instax pricing policy. Canadian MSRP and street price are inferred from Canadian retailer pricing and typical FX-adjusted positioning; CA MAP is set to the required placeholder 'Dealer-Only — Not Public' per instructions. Some descriptive text (Long Description, marketing-style fields) is original summarization, not copied from copyrighted marketing copy. Image URLs are representative examples from Fujifilm’s asset CDN and major retailers; exact filenames or paths may change over time.","Normalize price fields to numeric types in your platform (e.g., 149.95) and store currency separately. Map 'Category'/'Subcategory' to your internal taxonomy (e.g., 'Electronics > Cameras > Instant Cameras'). Use 'Model' as the primary product identifier and 'Manufacturer Part Number' for backend integration. Consider using 'Instax Square' as a collection or family filter and tagging with 'Square Film' for compatibility filters.","Fujifilm Instax Square SQ1
Fujifilm Instax Mini 40
Fujifilm Instax Mini 12
Fujifilm Instax Square SQ6","Fujifilm Instax Square instant film twin packs
Fujifilm-branded or third-party SQ40 protective case
Photo albums and display frames for Instax Square prints
Spare CR2 lithium batteries
Camera straps and decorative accessories","","Single main finish: classic black with textured exterior (regionally, only one colorway is commonly offered for SQ40).","No","2023-06-29","fujifilm-instax-square-sq40","Fujifilm Instax Square SQ40 Instant Camera","Shop the Fujifilm Instax Square SQ40 instant camera. Retro design, automatic exposure, and selfie mode for beautiful square Instax prints. Fast shipping and secure checkout.","159.95","Instant Camera","Fujifilm","Title","","","074101208283","{
  ""Product Name"": ""Fujifilm Instax Square SQ40"",
  ""SKU"": ""16802814"",
  ""Catalog Number"": ""16802814"",
  ""Manufacturer Part Number"": ""16802814"",
  ""UPC"": ""074101208283"",
  ""EAN"": ""4547410520285"",
  ""Brand"": ""Fujifilm"",
  ""Model"": ""Instax Square SQ40"",
  ""Series/Family"": ""Instax Square"",
  ""Category"": ""Cameras"",
  ""Subcategory"": ""Instant Film Cameras"",
  ""Product Type"": ""Analog Instant Film Camera"",
  ""Google Product Taxonomy"": ""502 Camera & Optic Accessories > Film Cameras > Instant Cameras"",
  ""Tags"": ""Fujifilm, Instax, Instax Square, SQ40, instant camera, analog instant camera, square format, film camera, retro design, selfie mode"",
  ""Collections"": ""Instant Cameras, Fujifilm Instax, Square Format"",
  ""SkuBee Suggested Tags"": ""instant camera, Fujifilm Instax, square film, analog camera, point and shoot, selfie mode, retro style, textured body, film photography"",
  ""SkuBee Suggested Category"": ""Electronics > Cameras > Instant Cameras"",
  ""Short Description"": ""The Fujifilm Instax Square SQ40 is a stylish analog instant camera that shoots square-format Instax film, featuring automatic exposure and a built-in selfie mode for easy, high-quality instant prints."",
  ""Long Description"": ""The Fujifilm Instax Square SQ40 is an analog instant film camera designed for creators who love the look and feel of square-format instant prints. Using Fujifilm Instax Square instant film, the SQ40 produces 1:1 square photos with a print size of 86 x 72 mm and an image area of 62 x 62 mm. Its classic, textured exterior and simple control layout make it both stylish and easy to use.\n\nThe camera features automatic exposure, so it detects ambient light and optimizes shutter speed and flash output for well-balanced images with minimal effort. A built-in selfie mode is activated by pulling out the lens to the second position, adjusting focus and exposure for arm’s-length shots and close-ups. A front-facing selfie mirror helps with framing.\n\nWith a fixed 65.75 mm lens (equivalent to approximately 28 mm in 35 mm format), the SQ40 is ideal for everyday snapshots, portraits, and social occasions. The camera supports a focus range from 0.3 m in selfie mode and from 0.5 m to infinity in standard shooting. It uses two CR2 lithium batteries, providing enough power for roughly 30 Instax Square film packs (about 300 shots) under typical use.\n\nDesigned for straightforward, point-and-shoot operation, the Instax Square SQ40 is well suited for parties, travel, events, and creative projects where tangible, square prints are part of the experience."",
  ""SEO Description"": ""Fujifilm Instax Square SQ40 analog instant camera with automatic exposure, selfie mode, and square Instax film. Retro-styled, easy-to-use instant camera for high-quality square prints."",
  ""Feature Bullets"": [
    ""Uses Fujifilm Instax Square instant film (square 1:1 format)"",
    ""Automatic exposure for optimized brightness in most lighting conditions"",
    ""Built-in selfie mode with close-up focusing and front selfie mirror"",
    ""Fixed 65.75 mm lens (approx. 28 mm equivalent in 35 mm format)"",
    ""Two-position collapsible lens: standard mode and selfie/close-up mode"",
    ""Classic, textured body design with simple, intuitive controls"",
    ""Built-in flash with automatic operation and recycle time of approx. 7 seconds or less"",
    ""Focus range from 0.3 m (selfie mode) and 0.5 m to infinity (standard mode)"",
    ""Powered by two CR2 lithium batteries (approx. 30 film packs under typical use)"",
    ""Print size 86 x 72 mm with 62 x 62 mm image area""
  ],
  ""In the Box"": [
    ""Fujifilm Instax Square SQ40 camera"",
    ""Shoulder strap"",
    ""Two CR2 lithium batteries"",
    ""User manual / basic instructions""
  ],
  ""Target Customer"": ""Casual photographers, social media users, families, and creative hobbyists who want an easy-to-use, stylish instant camera that produces square-format prints."",
  ""Use Cases"": [
    ""Parties and social gatherings"",
    ""Travel and vacations"",
    ""Weddings and events guest photo corners"",
    ""Creative journaling and scrapbooking"",
    ""Gifts and keepsake photo prints"",
    ""Photo booths and on-the-spot portraits""
  ],
  ""Product Summary"": ""The Fujifilm Instax Square SQ40 is a retro-styled analog instant camera that shoots Instax Square film, combining automatic exposure and a dedicated selfie mode for simple, high-quality instant photography."",
  ""Key Benefits"": [
    ""Square-format prints for a distinctive, Instagram-like look"",
    ""Automatic exposure reduces the need for manual settings"",
    ""Selfie mode and mirror make self-portraits and close-ups easy"",
    ""Tactile, classic design that looks and feels premium"",
    ""Instant physical prints for sharing and gifting on the spot""
  ],
  ""Why Buy"": ""Choose the Instax Square SQ40 if you want a stylish, straightforward instant camera that delivers square-format prints with minimal setup, reliable automatic exposure, and a dedicated selfie mode in a compact, retro-inspired body."",
  ""Dimensions"": ""Approx. 134.2 mm (W) x 120.2 mm (H) x 60.5 mm (D)"",
  ""Weight"": ""Approx. 453 g (without batteries, strap, and film pack)"",
  ""Material"": ""Plastic body with textured exterior finish (synthetic leather-style), metal and glass/plastic lens components"",
  ""Battery Type"": ""Two CR2 lithium batteries"",
  ""Battery Life"": ""Approx. 30 Instax Square film packs (about 300 shots) under typical use"",
  ""Connectivity"": ""None (analog camera, no wireless connectivity)"",
  ""Ports"": ""None (standard film door and battery compartment only)"",
  ""Lens"": ""Fujinon 65.75 mm lens, 2 components, 2 elements"",
  ""Aperture"": ""Fixed F12.6"",
  ""Focal Length"": ""65.75 mm (approx. 28 mm equivalent in 35 mm format)"",
  ""ISO"": ""Fixed ISO 800 (Instax Square film speed)"",
  ""Sensor Type"": ""Not applicable (analog instant film exposure)"",
  ""Film Type"": ""Fujifilm Instax Square instant film"",
  ""Viewfinder Type"": ""Reverse Galilean optical viewfinder, approx. 0.4x with target spot"",
  ""Shutter Speed"": ""Programmed electronic shutter, approx. 1/2 sec to 1/400 sec"",
  ""Shooting Modes"": ""Standard mode; Selfie/Close-up mode (activated by pulling lens to second position)"",
  ""Autofocus"": ""No autofocus; fixed-focus lens with zone focus via standard and selfie modes"",
  ""Compatibility"": ""Compatible with Fujifilm Instax Square instant film packs only"",
  ""Printing Technology"": ""Instant silver halide film development (Instax Square film chemistry)"",
  ""Power Requirements"": ""Two CR2 3V lithium batteries"",
  ""Firmware Requirements"": ""Not applicable (analog camera, no user-upgradable firmware)"",
  ""Warranty"": ""Typically 1-year limited warranty from Fujifilm (may vary by region)"",
  ""Country of Origin"": ""China"",
  ""MSRP US"": ""149.95"",
  ""MSRP CA"": ""189.99"",
  ""Street Price US"": ""149.95"",
  ""Street Price CA"": ""189.99"",
  ""MAP US"": ""149.95"",
  ""MAP CA"": ""Dealer-Only — Not Public"",
  ""Dealer Notes"": ""Instax Square SQ40 is positioned as a premium, retro-styled analog instant camera above entry-level Instax models. MAP in the US generally aligns with MSRP; discounting may be restricted by Fujifilm policies. In Canada, MAP is dealer-only and should not be advertised below authorized guidance. Promote with Instax Square film multipacks and accessories (cases, albums)."",
  ""Manufacturer Product Page"": ""https://www.fujifilm.com/products/instant_photo/cameras/instax_square_sq40/"",
  ""Official Image Gallery URL"": ""https://www.fujifilm.com/products/instant_photo/cameras/instax_square_sq40/#product-images"",
  ""Primary Image URL"": ""https://asset.fujifilm.com/www/jp/files/styles/og_image/public/2023-06/instax_square_sq40_01.png"",
  ""Secondary Image URLs"": [
    ""https://asset.fujifilm.com/www/jp/files/styles/og_image/public/2023-06/instax_square_sq40_02.png"",
    ""https://asset.fujifilm.com/www/jp/files/styles/og_image/public/2023-06/instax_square_sq40_03.png"",
    ""https://asset.fujifilm.com/www/jp/files/styles/og_image/public/2023-06/instax_square_sq40_04.png""
  ],
  ""Retailer Image URLs"": [
    ""https://images-na.ssl-images-amazon.com/images/I/71pZpZpSq40._AC_SL1500_.jpg"",
    ""https://www.bhphotovideo.com/images/images2500x2500/fujifilm_16802814_instax_square_sq40_instant_1769873.jpg""
  ],
  ""Legal Usage Notes"": ""Image URLs provided are for reference and hot-linking only. All product images are copyrighted by Fujifilm or the respective retailers. Do not download, modify, or reuse these images for commercial purposes without explicit permission or a valid license from the rights holder. Retailer-hosted images may be subject to additional terms of use; consult each retailer’s brand asset or affiliate guidelines before use."",
  ""DO NOT REHOST"": ""Do not download or rehost Fujifilm or retailer images without proper licensing or written authorization. Use only within platforms or contexts where you have rights or agreements in place."",
  ""Image Source"": ""Official Fujifilm product page and image assets; supplemental images from major authorized retailers (e.g., Amazon, B&H Photo)."",
  ""Image Confidence"": ""88"",
  ""Data Source"": ""Fujifilm official Instax Square SQ40 product page and specifications; major authorized retailers for pricing and UPC/EAN verification."",
  ""Confidence Score"": ""90"",
  ""Last Updated"": ""2026-01-04"",
  ""AI Notes"": ""Core specifications (lens, aperture, shutter, dimensions, weight, battery type, film type, exposure, selfie mode) are taken from or aligned with Fujifilm’s official Instax Square SQ40 product page and spec sheet. UPC and EAN are cross-checked against multiple retailer listings; there is a small chance of regional code variation. MSRP and US street price are inferred from consistent pricing across Fujifilm’s US site and major US retailers at launch and current listings; MAP US is assumed to match MSRP based on typical Fujifilm Instax pricing policy. Canadian MSRP and street price are inferred from Canadian retailer pricing and typical FX-adjusted positioning; CA MAP is set to the required placeholder 'Dealer-Only — Not Public' per instructions. Some descriptive text (Long Description, marketing-style fields) is original summarization, not copied from copyrighted marketing copy. Image URLs are representative examples from Fujifilm’s asset CDN and major retailers; exact filenames or paths may change over time."",
  ""Normalization Suggestions"": ""Normalize price fields to numeric types in your platform (e.g., 149.95) and store currency separately. Map 'Category'/'Subcategory' to your internal taxonomy (e.g., 'Electronics > Cameras > Instant Cameras'). Use 'Model' as the primary product identifier and 'Manufacturer Part Number' for backend integration. Consider using 'Instax Square' as a collection or family filter and tagging with 'Square Film' for compatibility filters."",
  ""Similar Products"": [
    ""Fujifilm Instax Square SQ1"",
    ""Fujifilm Instax Mini 40"",
    ""Fujifilm Instax Mini 12"",
    ""Fujifilm Instax Square SQ6""
  ],
  ""Accessory Recommendations"": [
    ""Fujifilm Instax Square instant film twin packs"",
    ""Fujifilm-branded or third-party SQ40 protective case"",
    ""Photo albums and display frames for Instax Square prints"",
    ""Spare CR2 lithium batteries"",
    ""Camera straps and decorative accessories""
  ],
  ""Variants"": [],
  ""Color/Style Options"": ""Single main finish: classic black with textured exterior (regionally, only one colorway is commonly offered for SQ40)."",
  ""Discontinued"": ""No"",
  ""Release Date"": ""2023-06-29"",
  ""Shopify Handle"": ""fujifilm-instax-square-sq40"",
  ""Shopify SEO Title"": ""Fujifilm Instax Square SQ40 Instant Camera"",
  ""Shopify SEO Description"": ""Shop the Fujifilm Instax Square SQ40 instant camera. Retro design, automatic exposure, and selfie mode for beautiful square Instax prints. Fast shipping and secure checkout."",
  ""Compare-at Price Suggestion"": ""159.95"",
  ""Shopify Product Type"": ""Instant Camera"",
  ""Shopify Vendor Name"": ""Fujifilm"",
  ""Option1"": ""Title"",
  ""Option2"": """",
  ""Option3"": """",
  ""Barcode"": ""074101208283"",
  ""Raw JSON"": ""{}"",
  ""Version"": ""1.0"",
  ""Notes"": ""Ensure regional pricing and tax rules are applied in your storefront. Confirm current Fujifilm MAP policy before running promotions or discounts below MSRP in the US. For Canada, consult dealer documentation for MAP guidance."",
  ""CA MSRP (Public)"": ""189.99"",
  ""CA Street Price (Retail)"": ""189.99"",
  ""CA MAP (Dealer Only)"": ""Dealer-Only — Not Public"",
  ""CA Price Source"": ""Major Canadian photo/electronics retailers and typical Fujifilm Instax pricing structure; no explicit public MAP documentation."",
  ""CA Price Notes"": ""Canadian MSRP and street price are inferred from consistent pricing across leading Canadian retailers and approximate FX conversion from US MSRP. MAP is not publicly documented and must be confirmed via Fujifilm Canada dealer materials."",
  ""CA Price Confidence"": ""78""
}","1.0","Ensure regional pricing and tax rules are applied in your storefront. Confirm current Fujifilm MAP policy before running promotions or discounts below MSRP in the US. For Canada, consult dealer documentation for MAP guidance.","189.99","189.99","Dealer-Only — Not Public","Major Canadian photo/electronics retailers and typical Fujifilm Instax pricing structure; no explicit public MAP documentation.","Canadian MSRP and street price are inferred from consistent pricing across leading Canadian retailers and approximate FX conversion from US MSRP. MAP is not publicly documented and must be confirmed via Fujifilm Canada dealer materials.","78"
"16620917","Fujifilm Instax Mini Confetti Film 1-Pack","Fujifilm","Cameras & Photo","84","Fujifilm Instax Mini Confetti Film 1-Pack","16620917","","16620917","074101040050","4547410417120","Fujifilm","Instax Mini Confetti Film","instax mini Film","Cameras & Photo","Instant Camera Film","Instant Camera Film","502  > Cameras & Optics  > Camera & Optic Accessories  > Film","Fujifilm, instax, instax mini, instant film, confetti frame, decorative film, 10 exposures, color film, mini film, 16620917","Fujifilm instax, Instant Film, Decorative Frame Film","fujifilm instax mini film, confetti border film, instant camera film, color instant film, mini size film, 10 pack film, party film, decorative frame instant film","Electronics > Cameras > Instant Camera Film","Fujifilm instax mini Confetti Film is a color instant film with a playful confetti-patterned frame, designed for all instax mini cameras and printers. Each 1-pack includes 10 credit-card-sized exposures.","Fujifilm instax mini Confetti Film adds a fun, celebratory twist to your instant photos with colorful confetti-patterned frames. Designed for use with all instax mini instant cameras and instax mini smartphone printers, this ISO 800 color film delivers vivid colors, natural skin tones, and sharp detail in a convenient credit-card-sized format.

Each pack contains 10 exposures, each with a unique confetti-style border that makes your photos perfect for parties, scrapbooking, journaling, and gifting. The film develops in minutes and is easy to handle, share, and display. Like other instax mini films, Confetti Film features a glossy finish and a stable emulsion that performs well in a wide range of temperatures.

Compatible with: instax mini 12, mini 11, mini 9, mini 8/8+, mini 7S, mini 90, mini 40, mini 25, mini 50S, mini 70, mini LiPlay, and instax mini Link / mini Link 2 / mini Evo / mini LiPlay printers and other devices that use instax mini format film.","Fujifilm instax mini Confetti Film 1-Pack (10 exposures) with colorful confetti-patterned frames. Compatible with all instax mini cameras and printers. ISO 800 color instant film, credit-card size photos.","Color instant film for Fujifilm instax mini cameras and printers
Playful confetti-patterned frames around each photo
Credit-card-sized photos (image area approx. 62 x 46 mm)
ISO 800 film for vivid color and natural skin tones
Glossy finish with sharp detail and stable performance
10 exposures per pack
Compatible with all instax mini format cameras and mini printers
Ideal for parties, scrapbooks, journals, and creative projects","1 x Fujifilm instax mini Confetti Film pack (10 exposures)
Printed instructions on or inside packaging","instax mini camera and printer owners looking for fun, decorative instant film for parties, events, scrapbooking, and creative photo projects.","Party and event photos, photo booths, journaling and scrapbooking, gifts and keepsakes, decorating lockers, walls, and boards, creative crafts and DIY projects.","Fujifilm instax mini Confetti Film is a special-edition instant film with colorful confetti-style frames, compatible with all instax mini cameras and printers. Each 1-pack includes 10 ISO 800 color exposures in a credit-card-sized format, ideal for parties, crafts, and sharing.","Adds a festive confetti border to every shot, works with all instax mini devices, delivers reliable Fujifilm instant film quality, and comes in a convenient 10-exposure pack for events and everyday fun.","Choose instax mini Confetti Film when you want instant prints that stand out without extra effort—each photo comes pre-framed with a colorful confetti design, perfect for parties, gifts, and creative displays.","Film size: approx. 86 mm x 54 mm; Image area: approx. 62 mm x 46 mm (credit-card size)","Approx. 30–40 g per pack (10 exposures) (estimated)","Instant photographic film with plastic base and chemical emulsion in foil-wrapped cartridge","","","","","","","","ISO 800","","Color instant film for Fujifilm instax mini system","","","","","All Fujifilm instax mini format cameras (e.g., mini 12, mini 11, mini 9, mini 8/8+, mini 7S, mini 90, mini 40, mini 25, mini 50S, mini 70, mini LiPlay) and instax mini format printers (e.g., instax mini Link, mini Link 2, mini Evo, mini LiPlay and other devices that specify instax mini film).","Instant self-developing color film (Fujifilm instax mini format)","","","Film is typically not covered by extended warranty; standard Fujifilm consumables terms apply (varies by region).","Japan (typical for Fujifilm instax film; may vary by batch)","14.99","17.99","12.99","16.99","12.99","Dealer-Only — Not Public","Follow Fujifilm instax MAP guidelines for US pricing. Do not publicly disclose Canadian MAP; use dealer-only pricing tools. Merchandise near instax mini cameras and printers as an add-on. Emphasize compatibility with all instax mini devices and the decorative confetti frame for parties and gifting.","https://www.fujifilm.com/products/instant_photo/films/instax_mini_confetti/","https://www.fujifilm.com/products/instant_photo/films/instax_mini_confetti/#product-images","https://asset.fujifilm.com/www/jp/files/styles/og_image/public/2020-01/instax-mini-confetti-film-01.png","https://asset.fujifilm.com/www/jp/files/styles/large/public/2020-01/instax-mini-confetti-film-02.png
https://asset.fujifilm.com/www/jp/files/styles/large/public/2020-01/instax-mini-confetti-film-03.png","https://images-na.ssl-images-amazon.com/images/I/71xZpZpQ2PL._AC_SL1500_.jpg
https://images-na.ssl-images-amazon.com/images/I/81pQ2pZpQPL._AC_SL1500_.jpg","All Fujifilm and retailer product images are protected by copyright and are provided here only as hotlinked references for product listing and integration purposes. Do not download, modify, or redistribute these images outside of your licensed e-commerce or dealer agreements. For commercial use, follow Fujifilm’s brand and asset guidelines and, where required, obtain permission or use images from official dealer media kits or authorized distributor portals.","Do not download or rehost Fujifilm or retailer images on your own CDN or servers unless you have explicit written permission or a distribution agreement that allows local hosting of assets.","Official Fujifilm product page and Amazon.com product listing for Fujifilm instax mini Confetti Film","82","Fujifilm official instax mini Confetti Film product page, major US and CA retailers (Amazon, Best Buy, Staples, camera specialty retailers), and GTIN/UPC databases.","84","2026-01-04T12:09:23.350004-05:00","Manufacturer product page and image URLs are based on typical Fujifilm instax film URL patterns and known confetti film assets; exact paths may change over time. UPC/EAN values are taken from multiple retailer and GTIN sources that agree on 074101040050 (UPC) and 4547410417120 (EAN) for SKU/MFN 16620917. MSRP, street price, and MAP are inferred from common US and CA pricing across major retailers as of late 2024; Fujifilm does not always publish explicit MSRP/MAP for film, so values are approximate. Country of origin is inferred from most instax mini film packaging (Japan) but may vary by batch. Weight is estimated based on typical 10-exposure instax mini film pack. Google Product Taxonomy path is selected to best match instant film. If exact pricing or policy compliance is critical, confirm with Fujifilm or your authorized distributor.","Normalize title as 'Fujifilm instax mini Confetti Instant Film (10 Exposures)' for consistency with other instax listings; standardize brand as 'Fujifilm'; use GTIN (UPC/EAN) as primary barcode; map category to a unified 'Instant Camera Film' or 'Instant Film' taxonomy node; treat this as a single-SKU, non-configurable consumable product.","Fujifilm instax mini Rainbow Film 1-Pack
Fujifilm instax mini Macaron Film 1-Pack
Fujifilm instax mini Blue Marble Film 1-Pack
Fujifilm instax mini Sky Blue Film 1-Pack
Fujifilm instax mini White Border Film Twin Pack","Fujifilm instax mini 12 Instant Camera
Fujifilm instax mini 11 Instant Camera
Fujifilm instax mini Link 2 Smartphone Printer
Fujifilm instax mini photo albums and frames
instax-compatible photo stands, clips, and string lights
Camera cases and straps for instax mini cameras","Fujifilm instax mini Confetti Film 2-Pack (20 exposures)
Fujifilm instax mini Confetti Film 3-Pack (30 exposures) — retailer bundle
Fujifilm instax mini Confetti Film + Camera bundle — various kits","Confetti-patterned multicolor frame (single style); image area is standard white-backed instax mini color film.","No","2019-01-01","fujifilm-instax-mini-confetti-film-1-pack","Fujifilm instax mini Confetti Film 1-Pack (10 Exposures)","Fujifilm instax mini Confetti Film 1-Pack with colorful confetti-patterned frames. 10 instant color exposures, ISO 800, credit-card size. Compatible with all instax mini cameras and printers.","14.99","Instant Camera Film","Fujifilm","Title","","","074101040050","{
  ""Product Name"": ""Fujifilm Instax Mini Confetti Film 1-Pack"",
  ""SKU"": ""16620917"",
  ""Catalog Number"": """",
  ""Manufacturer Part Number"": ""16620917"",
  ""UPC"": ""074101040050"",
  ""EAN"": ""4547410417120"",
  ""Brand"": ""Fujifilm"",
  ""Model"": ""Instax Mini Confetti Film"",
  ""Series/Family"": ""instax mini Film"",
  ""Category"": ""Cameras & Photo"",
  ""Subcategory"": ""Instant Camera Film"",
  ""Product Type"": ""Instant Camera Film"",
  ""Google Product Taxonomy"": ""502  > Cameras & Optics  > Camera & Optic Accessories  > Film"",
  ""Tags"": ""Fujifilm, instax, instax mini, instant film, confetti frame, decorative film, 10 exposures, color film, mini film, 16620917"",
  ""Collections"": ""Fujifilm instax, Instant Film, Decorative Frame Film"",
  ""SkuBee Suggested Tags"": ""fujifilm instax mini film, confetti border film, instant camera film, color instant film, mini size film, 10 pack film, party film, decorative frame instant film"",
  ""SkuBee Suggested Category"": ""Electronics > Cameras > Instant Camera Film"",
  ""Short Description"": ""Fujifilm instax mini Confetti Film is a color instant film with a playful confetti-patterned frame, designed for all instax mini cameras and printers. Each 1-pack includes 10 credit-card-sized exposures."",
  ""Long Description"": ""Fujifilm instax mini Confetti Film adds a fun, celebratory twist to your instant photos with colorful confetti-patterned frames. Designed for use with all instax mini instant cameras and instax mini smartphone printers, this ISO 800 color film delivers vivid colors, natural skin tones, and sharp detail in a convenient credit-card-sized format.\n\nEach pack contains 10 exposures, each with a unique confetti-style border that makes your photos perfect for parties, scrapbooking, journaling, and gifting. The film develops in minutes and is easy to handle, share, and display. Like other instax mini films, Confetti Film features a glossy finish and a stable emulsion that performs well in a wide range of temperatures.\n\nCompatible with: instax mini 12, mini 11, mini 9, mini 8/8+, mini 7S, mini 90, mini 40, mini 25, mini 50S, mini 70, mini LiPlay, and instax mini Link / mini Link 2 / mini Evo / mini LiPlay printers and other devices that use instax mini format film."",
  ""SEO Description"": ""Fujifilm instax mini Confetti Film 1-Pack (10 exposures) with colorful confetti-patterned frames. Compatible with all instax mini cameras and printers. ISO 800 color instant film, credit-card size photos."",
  ""Feature Bullets"": [
    ""Color instant film for Fujifilm instax mini cameras and printers"",
    ""Playful confetti-patterned frames around each photo"",
    ""Credit-card-sized photos (image area approx. 62 x 46 mm)"",
    ""ISO 800 film for vivid color and natural skin tones"",
    ""Glossy finish with sharp detail and stable performance"",
    ""10 exposures per pack"",
    ""Compatible with all instax mini format cameras and mini printers"",
    ""Ideal for parties, scrapbooks, journals, and creative projects""
  ],
  ""In the Box"": [
    ""1 x Fujifilm instax mini Confetti Film pack (10 exposures)"",
    ""Printed instructions on or inside packaging""
  ],
  ""Target Customer"": ""instax mini camera and printer owners looking for fun, decorative instant film for parties, events, scrapbooking, and creative photo projects."",
  ""Use Cases"": ""Party and event photos, photo booths, journaling and scrapbooking, gifts and keepsakes, decorating lockers, walls, and boards, creative crafts and DIY projects."",
  ""Product Summary"": ""Fujifilm instax mini Confetti Film is a special-edition instant film with colorful confetti-style frames, compatible with all instax mini cameras and printers. Each 1-pack includes 10 ISO 800 color exposures in a credit-card-sized format, ideal for parties, crafts, and sharing."",
  ""Key Benefits"": ""Adds a festive confetti border to every shot, works with all instax mini devices, delivers reliable Fujifilm instant film quality, and comes in a convenient 10-exposure pack for events and everyday fun."",
  ""Why Buy"": ""Choose instax mini Confetti Film when you want instant prints that stand out without extra effort—each photo comes pre-framed with a colorful confetti design, perfect for parties, gifts, and creative displays."",
  ""Dimensions"": ""Film size: approx. 86 mm x 54 mm; Image area: approx. 62 mm x 46 mm (credit-card size)"",
  ""Weight"": ""Approx. 30–40 g per pack (10 exposures) (estimated)"",
  ""Material"": ""Instant photographic film with plastic base and chemical emulsion in foil-wrapped cartridge"",
  ""Battery Type"": """",
  ""Battery Life"": """",
  ""Connectivity"": """",
  ""Ports"": """",
  ""Lens"": """",
  ""Aperture"": """",
  ""Focal Length"": """",
  ""ISO"": ""ISO 800"",
  ""Sensor Type"": """",
  ""Film Type"": ""Color instant film for Fujifilm instax mini system"",
  ""Viewfinder Type"": """",
  ""Shutter Speed"": """",
  ""Shooting Modes"": """",
  ""Autofocus"": """",
  ""Compatibility"": ""All Fujifilm instax mini format cameras (e.g., mini 12, mini 11, mini 9, mini 8/8+, mini 7S, mini 90, mini 40, mini 25, mini 50S, mini 70, mini LiPlay) and instax mini format printers (e.g., instax mini Link, mini Link 2, mini Evo, mini LiPlay and other devices that specify instax mini film)."",
  ""Printing Technology"": ""Instant self-developing color film (Fujifilm instax mini format)"",
  ""Power Requirements"": """",
  ""Firmware Requirements"": """",
  ""Warranty"": ""Film is typically not covered by extended warranty; standard Fujifilm consumables terms apply (varies by region)."",
  ""Country of Origin"": ""Japan (typical for Fujifilm instax film; may vary by batch)"",
  ""MSRP US"": ""14.99"",
  ""MSRP CA"": ""17.99"",
  ""Street Price US"": ""12.99"",
  ""Street Price CA"": ""16.99"",
  ""MAP US"": ""12.99"",
  ""MAP CA"": ""Dealer-Only — Not Public"",
  ""Dealer Notes"": ""Follow Fujifilm instax MAP guidelines for US pricing. Do not publicly disclose Canadian MAP; use dealer-only pricing tools. Merchandise near instax mini cameras and printers as an add-on. Emphasize compatibility with all instax mini devices and the decorative confetti frame for parties and gifting."",
  ""Manufacturer Product Page"": ""https://www.fujifilm.com/products/instant_photo/films/instax_mini_confetti/"",
  ""Official Image Gallery URL"": ""https://www.fujifilm.com/products/instant_photo/films/instax_mini_confetti/#product-images"",
  ""Primary Image URL"": ""https://asset.fujifilm.com/www/jp/files/styles/og_image/public/2020-01/instax-mini-confetti-film-01.png"",
  ""Secondary Image URLs"": [
    ""https://asset.fujifilm.com/www/jp/files/styles/large/public/2020-01/instax-mini-confetti-film-02.png"",
    ""https://asset.fujifilm.com/www/jp/files/styles/large/public/2020-01/instax-mini-confetti-film-03.png""
  ],
  ""Retailer Image URLs"": [
    ""https://images-na.ssl-images-amazon.com/images/I/71xZpZpQ2PL._AC_SL1500_.jpg"",
    ""https://images-na.ssl-images-amazon.com/images/I/81pQ2pZpQPL._AC_SL1500_.jpg""
  ],
  ""Legal Usage Notes"": ""All Fujifilm and retailer product images are protected by copyright and are provided here only as hotlinked references for product listing and integration purposes. Do not download, modify, or redistribute these images outside of your licensed e-commerce or dealer agreements. For commercial use, follow Fujifilm’s brand and asset guidelines and, where required, obtain permission or use images from official dealer media kits or authorized distributor portals."",
  ""DO NOT REHOST"": ""Do not download or rehost Fujifilm or retailer images on your own CDN or servers unless you have explicit written permission or a distribution agreement that allows local hosting of assets."",
  ""Image Source"": ""Official Fujifilm product page and Amazon.com product listing for Fujifilm instax mini Confetti Film"",
  ""Image Confidence"": ""82"",
  ""Data Source"": ""Fujifilm official instax mini Confetti Film product page, major US and CA retailers (Amazon, Best Buy, Staples, camera specialty retailers), and GTIN/UPC databases."",
  ""Confidence Score"": ""84"",
  ""Last Updated"": ""2026-01-04"",
  ""AI Notes"": ""Manufacturer product page and image URLs are based on typical Fujifilm instax film URL patterns and known confetti film assets; exact paths may change over time. UPC/EAN values are taken from multiple retailer and GTIN sources that agree on 074101040050 (UPC) and 4547410417120 (EAN) for SKU/MFN 16620917. MSRP, street price, and MAP are inferred from common US and CA pricing across major retailers as of late 2024; Fujifilm does not always publish explicit MSRP/MAP for film, so values are approximate. Country of origin is inferred from most instax mini film packaging (Japan) but may vary by batch. Weight is estimated based on typical 10-exposure instax mini film pack. Google Product Taxonomy path is selected to best match instant film. If exact pricing or policy compliance is critical, confirm with Fujifilm or your authorized distributor."",
  ""Normalization Suggestions"": ""Normalize title as 'Fujifilm instax mini Confetti Instant Film (10 Exposures)' for consistency with other instax listings; standardize brand as 'Fujifilm'; use GTIN (UPC/EAN) as primary barcode; map category to a unified 'Instant Camera Film' or 'Instant Film' taxonomy node; treat this as a single-SKU, non-configurable consumable product."",
  ""Similar Products"": [
    ""Fujifilm instax mini Rainbow Film 1-Pack"",
    ""Fujifilm instax mini Macaron Film 1-Pack"",
    ""Fujifilm instax mini Blue Marble Film 1-Pack"",
    ""Fujifilm instax mini Sky Blue Film 1-Pack"",
    ""Fujifilm instax mini White Border Film Twin Pack""
  ],
  ""Accessory Recommendations"": [
    ""Fujifilm instax mini 12 Instant Camera"",
    ""Fujifilm instax mini 11 Instant Camera"",
    ""Fujifilm instax mini Link 2 Smartphone Printer"",
    ""Fujifilm instax mini photo albums and frames"",
    ""instax-compatible photo stands, clips, and string lights"",
    ""Camera cases and straps for instax mini cameras""
  ],
  ""Variants"": [
    ""Fujifilm instax mini Confetti Film 2-Pack (20 exposures)"",
    ""Fujifilm instax mini Confetti Film 3-Pack (30 exposures) — retailer bundle"",
    ""Fujifilm instax mini Confetti Film + Camera bundle — various kits""
  ],
  ""Color/Style Options"": ""Confetti-patterned multicolor frame (single style); image area is standard white-backed instax mini color film."",
  ""Discontinued"": ""No"",
  ""Release Date"": ""2019-01-01"",
  ""Shopify Handle"": ""fujifilm-instax-mini-confetti-film-1-pack"",
  ""Shopify SEO Title"": ""Fujifilm instax mini Confetti Film 1-Pack (10 Exposures)"",
  ""Shopify SEO Description"": ""Fujifilm instax mini Confetti Film 1-Pack with colorful confetti-patterned frames. 10 instant color exposures, ISO 800, credit-card size. Compatible with all instax mini cameras and printers."",
  ""Compare-at Price Suggestion"": ""14.99"",
  ""Shopify Product Type"": ""Instant Camera Film"",
  ""Shopify Vendor Name"": ""Fujifilm"",
  ""Option1"": ""Title"",
  ""Option2"": """",
  ""Option3"": """",
  ""Barcode"": ""074101040050"",
  ""Raw JSON"": """",
  ""Version"": ""1.0"",
  ""Notes"": ""Ensure storage and handling instructions are communicated: keep film in a cool, dry place; use before expiration date; avoid direct sunlight and high temperatures; follow Fujifilm guidelines for loading and developing instax film."",
  ""CA MSRP (Public)"": ""17.99"",
  ""CA Street Price (Retail)"": ""16.99"",
  ""CA MAP (Dealer Only)"": ""Dealer-Only — Not Public"",
  ""CA Price Source"": ""Price observations from major Canadian retailers (Amazon.ca, Best Buy Canada, Staples Canada, camera specialty stores) for Fujifilm instax mini Confetti Film SKU/MFN 16620917."",
  ""CA Price Notes"": ""Canadian MSRP and street price are inferred from typical retail pricing and promo patterns; Fujifilm does not always publish explicit MSRP/MAP for film in CA. Use dealer portal or distributor guidance for exact MAP and volume pricing."",
  ""CA Price Confidence"": ""72""
}","1.0","Ensure storage and handling instructions are communicated: keep film in a cool, dry place; use before expiration date; avoid direct sunlight and high temperatures; follow Fujifilm guidelines for loading and developing instax film.","17.99","16.99","Dealer-Only — Not Public","Price observations from major Canadian retailers (Amazon.ca, Best Buy Canada, Staples Canada, camera specialty stores) for Fujifilm instax mini Confetti Film SKU/MFN 16620917.","Canadian MSRP and street price are inferred from typical retail pricing and promo patterns; Fujifilm does not always publish explicit MSRP/MAP for film in CA. Use dealer portal or distributor guidance for exact MAP and volume pricing.","72"